PSNR,SSIM
32.039112865237605,0.9275665
34.371490013730394,0.91327935
35.09133697080484,0.94053096
31.288452518028457,0.84147006
33.5399525816942,0.9206343
38.26868533872689,0.9458995
34.872542388530746,0.93692344
33.02325032616485,0.9082319
34.87995942089051,0.93262625
34.78274606890518,0.90684867
32.790641535475615,0.9294675
33.45574311097328,0.9057563
34.456067042830625,0.91133046
35.316415261065735,0.92510366
33.37673061056917,0.88945204
33.47471973101913,0.92879367
32.00161976231965,0.9144643
36.39797261907886,0.95049447
35.41302245229688,0.92869276
32.78345459315199,0.9115491
34.036227034408086,0.9064827
29.244997554069943,0.8548991
33.98210315322844,0.93274134
33.73146552649991,0.9380581
32.99252560517107,0.9036791
33.27567800875764,0.90863997
32.583199363859215,0.9135855
35.35593387365622,0.9177781
32.31444222749089,0.88855046
33.18004191348624,0.900076
38.18199649201945,0.9539893
34.8201170596225,0.9300232
36.679935067157636,0.9389103
31.764964322939342,0.91367203
33.7215181945276,0.8953317
33.74107660235198,0.922771
35.346765043643174,0.91689926
31.11949857363198,0.8312294
36.376776157429354,0.94120646
36.58799379383221,0.9424474
34.08356841249271,0.9170348
36.2788643934415,0.93715906
31.27242420107658,0.87399024
35.45939140225654,0.919615
34.48949667322681,0.9190622
35.73131025150365,0.92438054
33.891681598199156,0.91015464
32.67158216021745,0.90369844
38.012270017278766,0.9552467
36.78764466339976,0.94316393
33.637415906431784,0.8407626
29.83862458930169,0.8096854
33.52460448968713,0.89532375
32.554250831249696,0.8991168
35.455724345707445,0.9402062
35.25641621314435,0.9255803
36.5280574556574,0.9144988
34.335056874051546,0.9273737
35.67601320584144,0.92684287
34.60301320906528,0.9191087
30.310703389231858,0.9209134
31.769144835751177,0.917094
37.20683708628011,0.9465839
36.009845550109155,0.94580084
33.43766557231734,0.9069423
34.54888856159366,0.93774086
32.12791051989623,0.89826506
34.186491548220786,0.911865
36.6858113638692,0.9252407
34.75458600129665,0.92492586
34.680565001515475,0.8971942
34.95946423527685,0.9158588
35.52460761150141,0.95046306
32.002723420075085,0.8586133
34.15326952285269,0.90352887
30.706380184275677,0.88039017
32.34563481806146,0.91100025
32.66868684625377,0.91379637
33.70286285887517,0.91255784
33.11581559131837,0.8852596
34.07017136885314,0.91139716
33.42076253199992,0.9124163
34.406190379024245,0.927794
31.90016158577011,0.8791585
33.965763267695394,0.9252055
36.57226485918213,0.9441734
33.76661946206358,0.91876316
35.36706755953809,0.9240454
33.546146503401054,0.89300793
31.924407314785682,0.89636636
32.91352455088908,0.89619726
35.284366706163674,0.945827
33.126252789843186,0.89595634
32.17070587258314,0.9120426
33.42396554566199,0.9033827
36.24805586664823,0.9366544
34.75120919210169,0.9068671
31.63093652528765,0.8728115
35.97020902494136,0.91307765
35.00837063055242,0.95726067
32.614127422625984,0.8983088
33.30526836871204,0.91058826
32.90498536340464,0.88317585
32.31903869195774,0.8968274
34.92101404199044,0.89134336
35.29796711056396,0.90134054
33.98313621708101,0.89081883
31.573087146949685,0.88420105
34.54715393798101,0.8830981
34.5131560147275,0.9184857
31.126002952772165,0.8683613
35.696465307006406,0.9085806
33.34867137006896,0.91416866
36.53461093214531,0.9101574
34.271344982224136,0.90279776
31.765453935495227,0.8606865
33.80357315754705,0.8802674
33.840896692968705,0.8831322
35.40041279768951,0.89705795
32.391583627337674,0.89868325
35.33612913041444,0.90829057
36.34442351448067,0.89110494
33.88066946756263,0.8955807
37.17835868920594,0.925965
31.672053932503914,0.8532674
31.846514845800566,0.8466266
32.57064547131756,0.89073396
34.96157563123453,0.90490514
34.14027714022312,0.89493537
28.370834236205617,0.9226096
37.096819495623386,0.9346437
32.67935118185909,0.88075584
33.49484767762106,0.86793536
35.00114372353098,0.89050597
34.656676731929934,0.9019754
36.82129039106148,0.9342189
32.332222544807465,0.8303089
34.47150161143717,0.88143903
32.997291640547324,0.89178485
32.54615427674115,0.88190585
33.636963452507224,0.91917944
31.67892853473586,0.89318633
34.209068046554535,0.8488895
33.107670282923884,0.9195857
32.32007667621318,0.8425259
35.12163416076809,0.9084713
33.359167006017934,0.871075
34.895434951351525,0.9128196
32.67218508985338,0.8598404
34.27937372864247,0.90732527
34.618853463374094,0.8818006
33.536711570062664,0.8894809
33.25741215555349,0.9245871
34.130643340600535,0.8867381
33.07939157821474,0.88512534
28.613157564052788,0.9188495
36.334970525276745,0.88317186
36.054404017394944,0.92451197
31.624009912137478,0.88666207
33.94338915472445,0.8677948
32.27883996174513,0.90182894
31.312710285828594,0.9139802
31.77427780384445,0.8476699
31.794770576700916,0.8373513
36.91248597109038,0.93435025
32.58079611196054,0.90055436
35.32878210938763,0.9120664
33.860367415058924,0.9092686
34.18888693519981,0.90822
33.132956393287174,0.8785021
34.32239298388237,0.9051204
32.99568805566722,0.91816837
34.66335217668647,0.8860962
31.639934042164622,0.88652563
33.59576789162047,0.89092064
35.05414283755804,0.9274177
33.51238325183338,0.9118951
33.59437503340705,0.9286515
34.72421937847297,0.9018524
31.582403736842473,0.8887294
31.265085890201775,0.83199996
31.870462126847286,0.8836059
36.407563167608515,0.90385133
29.63341892785135,0.8731764
30.15730275727588,0.8916231
33.01340487220706,0.917991
32.840197447920175,0.8778751
31.66078963010677,0.8818446
33.65710191029526,0.856272
35.8166780699286,0.91278416
35.21258531177007,0.8910753
33.32892765863144,0.9225793
33.747409045255054,0.89391357
36.39721460067133,0.9306447
33.394603135602495,0.89471406
33.20634605071432,0.9091263
32.72162105199826,0.8992552
32.88326778377592,0.90366983
31.792470813030192,0.8873701
32.10910781904274,0.9115624
36.17445507759528,0.9443862
34.16323828429597,0.89279014
34.4837544639783,0.91219395
35.48537568588395,0.89547944
33.12790557015485,0.88468915
33.92891261138309,0.84805226
33.990485691652765,0.86306256
35.943814125851205,0.92074233
33.74766654376346,0.9045038
35.73831273896544,0.90837884
32.50826207102196,0.875278
31.798256705676042,0.8720591
36.399964551714646,0.9256894
35.301429717841174,0.91304874
31.886276891877156,0.84702826
36.20211259147415,0.9227628
34.82962529431832,0.9058165
31.931965364597282,0.83667135
38.513316232600666,0.9358496
36.57315491238661,0.9132388
33.0785086889391,0.8837579
30.710014471058553,0.87370396
32.161862475540765,0.8717888
36.79678632827938,0.92913955
31.793981822854583,0.8430069
30.967236556040017,0.81622964
34.99777535619966,0.9062519
32.23839263170833,0.85040194
33.783731939734444,0.8600659
33.78175840369964,0.8572605
31.430689056906097,0.8445808
34.70490615229873,0.9149774
34.307009833607424,0.8814276
39.71836614116879,0.99416965
37.847335343185215,0.94466096
35.42202902659002,0.91001797
35.245926023234816,0.91378444
38.73795164890879,0.9938337
34.849369856177674,0.90490395
38.74576302182443,0.9840711
34.24231695929279,0.8847089
34.469371790305686,0.8748484
33.02547469505208,0.86195236
35.40056408408242,0.90267307
35.59941407659395,0.92089176
35.33345608885327,0.9207671
37.641071370430495,0.93985915
32.52592227453264,0.8695934
28.88170387101198,0.87730503
38.91990136455362,0.9692039
32.868596707856284,0.89763254
36.37045613234042,0.9141731
34.5439333719981,0.9139361
35.56036440100242,0.90038127
38.4742798244136,0.99568796
38.725287299221556,0.9463195
33.8258134001555,0.91189027
33.76946619503325,0.89819247
34.93501188499725,0.8968175
33.08173348000259,0.8844517
36.57147605397001,0.91137457
35.001900833755634,0.9081413
34.83485145643855,0.9118263
34.80293548220564,0.89905494
31.94865286407607,0.8521473
37.32593315040497,0.929871
30.453883065803925,0.89177006
36.32413935277143,0.92239684
36.941523404180245,0.93819636
38.87906647491118,0.9941996
33.15452478267164,0.88906926
36.581160360152715,0.9076001
37.2291776525144,0.9332056
35.84673559590954,0.9151487
34.97420086301033,0.8908725
33.12620901369534,0.87563187
36.01835582775712,0.9179156
34.306949910308454,0.89134145
36.92735537205269,0.9396355
31.894239855029753,0.83036345
35.358547245526466,0.9069955
30.945451147892452,0.87102
29.25097621026648,0.7888519
35.30327225778967,0.913027
35.30910042634354,0.9120701
35.66189918790021,0.90161896
33.72638620489765,0.9011268
32.107200363187076,0.87420464
38.041392995802546,0.95096797
36.02705665855533,0.8880682
34.42144755765856,0.8931506
31.15103905656206,0.8659155
36.31621838570476,0.9012206
30.202442220918947,0.8428495
37.122970522293535,0.93148327
34.84154210002195,0.8945799
33.25566247390765,0.8455681
31.988128807848,0.9151822
33.32149362413744,0.8822198
37.22102967133246,0.9237085
35.01160932605504,0.8990619
38.42967828507594,0.96577
36.50728730151978,0.91409254
35.59901886729053,0.9165855
36.07522449500368,0.9161288
37.80844127993098,0.9458261
38.734862230130524,0.95062107
36.073728594789955,0.9032414
34.49910376261852,0.873102
34.53342279777228,0.8592458
35.7675035948771,0.93296796
35.65765566562427,0.8977365
35.71223281876995,0.9023617
38.78815340844634,0.9554946
36.50689842369587,0.9321106
38.054846444987,0.9339824
35.239674504446896,0.9111016
32.81705351228823,0.8670618
36.09773918148096,0.9232152
37.51032213506432,0.9353431
35.86004049869005,0.94139296
35.761027316948564,0.89895797
34.65489795437626,0.89769846
38.60963426133649,0.9709335
34.9437579441914,0.9240444
35.56208535266653,0.91425496
33.65932372292755,0.8821462
35.8469025170744,0.91016895
34.80740527135768,0.896993
38.87637908078113,0.9392295
35.83014072450898,0.91937
36.44125413323551,0.9358778
32.07609062182028,0.87940687
33.47646076566941,0.8520492
33.54059064095469,0.8747182
36.135167950183245,0.898756
35.250294487106245,0.92041516
35.00802596264644,0.8954814
34.89724811946954,0.9014743
34.29051177086161,0.89975685
35.84506522497132,0.9083403
36.71305990019288,0.9175527
36.835849840384405,0.9464763
32.60037654630715,0.88165355
33.87647287725952,0.86417246
38.39063058588147,0.94823074
34.97714068079008,0.9223697
33.91255751918052,0.88929343
34.584604791219704,0.8728754
35.8677579680978,0.9174426
36.25420077009463,0.91737413
35.139913556222055,0.90794826
34.323862968763464,0.9024138
32.220011364463936,0.8418096
35.63300804601927,0.9002077
37.52542119000697,0.95147806
35.78863942971119,0.8988212
33.17701311389721,0.8795602
31.770647979309423,0.8797783
36.14187007415974,0.90531206
40.43855728681496,0.97560006
38.32375733564931,0.93504405
37.83081217243333,0.9444831
38.99307687055902,0.95921046
33.19843829116117,0.8555207
34.86800459456178,0.9141138
39.22467183648055,0.95115596
33.78004447743671,0.90249175
35.43287694911987,0.9024542
35.230383138522264,0.8800194
38.24249561250522,0.95710737
40.00798223585719,0.9934995
38.652304958778636,0.96620345
36.85435644379721,0.92554283
36.760647650094846,0.9242277
38.1727092227785,0.9522273
35.86524024949892,0.9153628
35.80822312750215,0.9008825
36.39664477923285,0.911102
36.67022904170241,0.9587442
34.94029890417614,0.89757174
37.149617453084176,0.93877864
35.29870385220239,0.91087013
35.205227629314905,0.8991311
38.52707879891484,0.9226944
35.22422711584282,0.8903486
34.23983461376585,0.88191175
35.516315193621274,0.8970191
34.892013435691645,0.88212436
34.49567436273392,0.89746714
35.9013864967209,0.90830725
33.40701981724509,0.9045053
35.5636499785464,0.93469363
35.47278540836721,0.9421775
34.97720871692415,0.90943927
35.41362660061628,0.91849846
36.07813191922406,0.9247937
35.232922034717234,0.9146216
35.529187981709185,0.919173
33.49854326639245,0.86819607
34.73675465646936,0.90811604
36.06783408174487,0.920378
35.020027703462205,0.91325265
35.5565329250774,0.89605457
37.49906324795163,0.9194584
35.90460240408737,0.8918605
33.787942296205394,0.85806847
34.349119653405026,0.89450884
36.36989045701907,0.90217686
32.97221955030313,0.8350412
36.062824091816466,0.8763404
37.20523616917595,0.9311113
34.11979461229265,0.8743188
35.153140219454855,0.8905986
33.710008870999715,0.8599663
35.63261061578115,0.9209216
36.41679494044148,0.9346687
37.99647724992279,0.95911807
34.9243230714171,0.91110134
37.84204128456875,0.9341979
33.50053926134566,0.9169746
38.35460951161001,0.93347234
36.67720356715205,0.9332206
36.37819225784411,0.9357911
33.354692936885336,0.8740356
35.76578133322808,0.9170005
35.56960295713691,0.90995765
36.233417697320014,0.91245073
37.08080293015725,0.9667967
36.180495678716056,0.92724437
34.403552816120914,0.8515945
35.65645703204121,0.9299786
37.38791915681747,0.9209836
37.71032543584348,0.9338377
34.524910322328175,0.8664382
35.35929327919109,0.9191678
33.33370272473009,0.82273674
37.79559641369988,0.9479405
38.36414560371682,0.93931603
37.21976814312855,0.93594855
33.42492215953227,0.8893194
35.48814466820938,0.9153135
34.40067765486502,0.87687635
37.71931918711739,0.9934228
33.284237568988615,0.85756326
37.25325130363836,0.9466002
35.435460137810196,0.9071982
36.17130181963851,0.9168537
38.61927431033305,0.967364
36.42528288942454,0.92010474
37.14015494146066,0.93138844
36.73412150280279,0.9364722
34.22123426307603,0.88142616
34.472047674997,0.88209885
33.771901717746644,0.84326917
36.862371438440405,0.95618564
35.43113082877658,0.89839524
36.01045315250063,0.9047908
35.941251285607265,0.9182994
34.32239247445759,0.8911948
35.80325629327416,0.9158025
34.29857743956181,0.8785532
36.15431930016848,0.91764575
34.411829850471705,0.8754836
37.872172650496616,0.93388844
37.8069982467808,0.9226322
35.10843236163281,0.8961851
36.25612752769223,0.9006598
36.93529314187364,0.9461675
37.676325770530056,0.95460445
33.991576194972694,0.8729899
38.12910726957315,0.95630056
34.0454332449755,0.8681693
34.95544728598358,0.8789293
36.95315008170744,0.93243784
39.47759621452568,0.9676228
35.79887469445226,0.9128584
39.32344833091915,0.9597068
39.14091729637576,0.95405626
36.298012171087144,0.9150963
33.754524383428965,0.85376257
34.83769755717661,0.89974004
36.55698611082274,0.9297324
30.942424865944066,0.84736437
37.39256872419518,0.9392838
37.854891763765934,0.9327156
36.12928011424279,0.930831
35.72602646334548,0.8678563
36.34208161740837,0.93349344
33.323408850683194,0.8687808
34.93596114131747,0.86860347
37.4040347700901,0.962523
38.68703475705847,0.96194077
35.006787215963705,0.8941714
37.516945214856456,0.95118374
36.30682686954434,0.957522
36.00785142686472,0.8984229
35.88171830837568,0.89423054
35.40456190112612,0.8978374
34.72693050301495,0.9028347
30.127781764258575,0.8890895
32.11412886869689,0.8695491
33.32855247238152,0.9288389
28.971578826125818,0.76050025
30.83568081665206,0.8384683
35.8149355470937,0.9251079
33.26128033290199,0.9107156
30.831966042840527,0.8750188
32.71129924063572,0.92117697
33.090716757068705,0.8723833
30.73105942527559,0.8978037
31.462540871918726,0.8872132
32.63509537528812,0.8868336
32.854353103830746,0.87701875
31.425584784479582,0.84485704
31.77192342585936,0.8962257
30.140944528989927,0.8669942
34.66653488783284,0.931748
32.963780268038796,0.9017046
31.008286384387837,0.8831868
32.00579290477048,0.85862666
27.195902345132453,0.76806563
32.63075058876503,0.9232974
30.596453992885447,0.88474077
31.323430033609668,0.8825619
31.224690117680574,0.877882
30.8055570090046,0.867625
33.474041546934295,0.8874702
30.468703818672402,0.84881276
31.34910064497278,0.85012215
36.05159862699529,0.9385125
33.04804948767598,0.9038225
34.869271597390664,0.9159668
30.104847341723662,0.8745437
31.930982390209618,0.8591006
31.359107977260233,0.8748584
33.312347035152314,0.8872245
29.55153268230939,0.782602
34.61363007936471,0.92045444
34.20276913336122,0.910842
32.599308539560894,0.91321015
34.39188143582741,0.919816
28.633394419122986,0.8030615
33.295366708413155,0.88821584
32.51900505051593,0.88128906
33.94112564929919,0.90185994
32.68539998688845,0.88896304
30.8151728168695,0.85917455
35.293331581357265,0.9274103
35.08130793960799,0.91480136
31.786463839726828,0.8028367
27.865864513243285,0.7270319
31.65416638587765,0.85797334
31.563384428361346,0.8807688
33.33810791591568,0.9128051
32.80849427392567,0.88981533
35.14616807173273,0.9091034
32.98201514841552,0.9106188
33.22709317574511,0.88985854
32.75335000522609,0.89994925
28.128146323621507,0.86894864
30.111601522959596,0.8867207
35.00954268248759,0.91983944
33.85751194224182,0.92198485
31.875481441179122,0.8770108
31.658973708010592,0.88972265
29.940314410014572,0.87530065
32.380511690749906,0.89101726
34.90188384259412,0.9015828
32.7058234488783,0.90529996
33.326073949862106,0.8766746
33.26602794886813,0.9029651
32.616866749355225,0.9124797
30.05596831948214,0.8216365
32.743279443114936,0.879796
29.17987391323357,0.8434575
30.372561685869222,0.86935
30.753033901562965,0.889576
31.861541561349732,0.8743798
30.83093926066732,0.8283024
32.52989091856946,0.884033
31.56537972884545,0.8632515
32.80704205818693,0.899189
30.346157729574657,0.8589258
32.26438825311566,0.9015961
33.98803481687098,0.91255116
32.4212489309933,0.8754217
33.880243767762906,0.88934636
31.485681527065708,0.8357087
29.727013533524467,0.8475244
31.102819469668596,0.8438666
33.74601820892338,0.9248716
31.7206021033454,0.87892836
29.499356860283598,0.850935
31.588542669119445,0.84727
34.20328402683493,0.9048075
33.32799208032546,0.89241815
30.010487589788116,0.84347534
34.524232618106524,0.89858586
32.879764072293334,0.93235683
30.814569265214434,0.86083347
31.308947187804645,0.8693001
30.974142121121282,0.85173625
30.20339925878005,0.8539428
32.566914012219705,0.8722391
33.31467840705873,0.86999685
32.218960867233825,0.8660691
29.446421945222333,0.82484525
32.53242274023637,0.83724993
32.51485191544438,0.8962877
29.26213403031694,0.80939245
33.79403129327058,0.8811803
30.823836930224463,0.8721786
34.41994465158643,0.895052
32.649918234713354,0.8709727
30.13883402169106,0.82408684
32.128975298839,0.83938223
32.13256197932525,0.84770626
33.76154969638748,0.86728626
30.492990236761884,0.8646167
33.250328889824345,0.9015948
34.65470773718746,0.8656555
32.15346624487626,0.87619233
34.5419527106239,0.9078581
30.068583845676887,0.8129027
29.96424826904442,0.79925776
30.78834332035357,0.85734767
33.31864451851461,0.8846814
32.094503972072964,0.8449139
26.460978264723146,0.8768961
35.0043776147743,0.90944725
30.72057528950193,0.8243347
31.926372343068444,0.82577163
33.20207171566037,0.8646303
32.952609099109566,0.88254744
34.80740419697533,0.9130001
30.110797712567976,0.7651734
32.69093054709866,0.86707336
30.764141239983086,0.84102076
30.28769040271036,0.8441157
31.849575709412367,0.885045
30.280704053722985,0.8653481
32.26006907740545,0.81608707
31.27612663903824,0.89751107
31.060343643156685,0.8170156
33.74818213784843,0.8933789
31.889567902095312,0.8369174
32.66828487038475,0.8703335
31.145997060542165,0.82462645
32.32341639704145,0.8814896
32.175115971955655,0.83580947
31.91105257264114,0.8665905
30.95367579471713,0.88752013
32.60607818558458,0.85081625
31.597170477948,0.8584156
27.195138920027016,0.88114434
34.536141295168555,0.85886925
34.09795594840305,0.8986282
29.553199786167134,0.82737017
32.33077245328167,0.8367304
29.820583422215144,0.8655648
29.061286639567836,0.86347896
30.67850995988954,0.8125014
30.49791261165772,0.80727506
34.93203254701705,0.90867704
30.673327689359212,0.87159806
33.195079126686274,0.88094664
31.562387978849173,0.8566111
32.23217243523995,0.87105256
31.026587833297327,0.8463011
32.305893839672095,0.8652218
30.30895204927696,0.86520165
32.553311338860745,0.8512352
29.40741908821815,0.828615
31.381043944081778,0.85479
32.54900780695772,0.8880604
31.676528572076105,0.8761638
31.414669900873843,0.8890209
32.86367577763546,0.8580187
29.481318407411585,0.82651186
28.94400968086711,0.76115423
29.291288619273676,0.8103113
34.44443564996131,0.87826425
27.27735624617062,0.80524737
28.169698693468895,0.8231473
30.95218620988762,0.88174725
31.566626641684095,0.85120934
29.915382201958643,0.82989454
31.82633848063289,0.8173404
34.505418835184834,0.89893883
33.602738899592666,0.85607505
31.869693199123617,0.88916105
31.64971345514679,0.8441946
34.0941037008172,0.8962254
31.95956399683137,0.8663133
31.177702588887932,0.8634043
30.31126359874043,0.8469824
31.715338990999406,0.88157374
29.962243478104796,0.84376526
29.77581712742031,0.87498266
33.92724839822562,0.9221134
32.50094737026359,0.8543411
32.30471066237064,0.8787436
33.36274825051674,0.8582848
30.621994116354966,0.85979104
32.18628716912178,0.8304135
32.05028745403151,0.8441275
33.73351963810721,0.88659024
31.253029053668442,0.866097
33.88396361879222,0.8980085
30.606367290308306,0.8276756
29.530505671180727,0.79757005
34.301093126763696,0.91350484
33.274198813320346,0.88125914
30.048465071087275,0.808266
34.599813061134554,0.90592337
32.99425769977448,0.86907727
30.58678694751727,0.8021963
36.05168624024435,0.9046426
34.69579440675254,0.89656216
30.692435772112088,0.81428355
29.052607838752024,0.825789
30.521064199887917,0.8398824
34.686125955472725,0.90687615
29.802554857054268,0.77902365
29.17343484316277,0.7734749
32.929969636473515,0.88464475
30.179836694348406,0.7946932
31.91159279217141,0.8267019
32.283877639045755,0.83675337
29.709328092297667,0.8170822
33.27392180369002,0.9035334
32.43531996353101,0.85853153
36.63682822229458,0.98841095
36.418033247801745,0.9360096
33.12402081480404,0.86690634
32.940268704545446,0.87430507
35.66422178294282,0.9876763
33.08801494947505,0.884345
35.412871626910245,0.9788211
32.41491255607117,0.85227615
32.100530328736724,0.8307466
31.372208147212632,0.83096594
33.39275058971151,0.8843016
33.93633306175714,0.8889043
33.465244683858906,0.9013613
35.56161557068862,0.9231066
31.27536828518601,0.8430257
27.0620847077603,0.81444615
36.777281197415704,0.95897526
30.69327670901988,0.8637479
34.53243622069457,0.9018159
32.479268338770225,0.88226837
33.67216779653303,0.8661959
35.136011474891575,0.990567
36.7227605543189,0.93349147
31.80849806255171,0.888984
31.38421243737347,0.8674946
33.076388176842244,0.87629515
31.582904063868295,0.8575897
34.74718538000619,0.9033194
32.94442170786763,0.8769973
33.111095563711615,0.88325554
33.007752714509834,0.8757139
29.682468957050933,0.79382735
35.24912918787266,0.9054484
28.339438227571957,0.82687944
34.27058859395034,0.8894086
34.72325119781923,0.9262616
35.27908531179059,0.9874076
31.68418041730935,0.85518724
34.76330026707558,0.8807597
35.758652236683766,0.9217677
33.74838844812402,0.8869343
33.22704743042915,0.8583727
31.593121363776454,0.8368657
34.26199445352126,0.8918273
32.41749115854263,0.85490584
34.70259326047725,0.91812474
29.87142740666766,0.77974725
33.27553889750213,0.8745518
28.902069401233945,0.819988
27.44740998421286,0.67303747
32.9544118150078,0.8716562
33.67687953435075,0.8943224
33.94743463848483,0.87425023
31.603141299049817,0.8677952
30.712140000072626,0.8369971
35.5070337607038,0.9377168
34.08858152584382,0.8469021
32.77405465785701,0.8663304
29.83688605809626,0.82868576
34.48491331697207,0.8777872
28.507085212550578,0.7825911
35.418923760472154,0.91959095
32.74405681842488,0.86132884
31.698750429801862,0.8152456
29.48550703384332,0.8513506
31.60160077164658,0.8622773
35.45488439767706,0.90803975
32.51078005130109,0.849318
35.477848659965645,0.95345944
34.36417869941968,0.9019689
33.44784825753171,0.9018936
33.82319109125883,0.89990276
35.2117203585231,0.919863
36.52659002253116,0.943892
34.1334579955002,0.8649051
32.5417025031461,0.83916444
32.801070078253325,0.83337283
32.98292241560432,0.9092682
33.315937464598235,0.8798986
34.00380270391689,0.88578326
36.49291372677497,0.940408
34.35172514758361,0.90753907
36.34657867000699,0.9193197
32.857794749991406,0.8826416
30.770081869991827,0.84125704
34.01474812843223,0.90137786
35.27769114726081,0.9162433
33.07228422859849,0.92067504
34.20545915251528,0.87086654
32.43128308961936,0.8766251
35.71385243679288,0.95808095
32.411880345424585,0.897798
33.060963967599236,0.86298007
32.39928313935087,0.8651655
33.678045511044814,0.89296436
32.9758855371384,0.8630871
36.71397857297143,0.9233462
33.765843144157586,0.9007099
33.708987356605064,0.91743356
30.359812452054584,0.8493552
31.850873694870412,0.8157613
31.03336800047877,0.83770937
33.84695515518278,0.8687565
32.4622945364906,0.8984206
33.448666428912894,0.88515884
32.79726049489893,0.8822115
32.39762154468903,0.8863668
33.333046750114896,0.8888185
34.09633545326554,0.89096737
35.13416607441704,0.9362485
31.11235864756701,0.85637397
32.139743581838324,0.84490895
36.10997354534814,0.9272003
33.31365248437778,0.9087515
31.34127632901898,0.84897465
32.82071516892644,0.85054374
34.27914060709123,0.90186614
34.03545653735156,0.8843643
33.13649159909323,0.887862
31.742564330911982,0.87378645
30.26662527311894,0.7861672
33.44169708228305,0.8744857
34.65743818378422,0.94093937
33.83800188214951,0.8792078
31.10842787682635,0.8441026
29.730690360411643,0.82075095
34.18746044438466,0.8838241
37.67925390489913,0.9653886
36.029931346706896,0.9205179
35.61562494410045,0.9316158
36.46652391512061,0.9473006
31.5918663953655,0.8293295
32.28049434109573,0.88836
36.65681711221858,0.9305671
31.615770683907265,0.8663466
33.422482780996255,0.8847337
32.920204998297635,0.8469096
35.64431731901219,0.9469246
36.46585129502078,0.9856427
35.967029664346796,0.96175617
34.896240695662705,0.8991079
34.81214339658278,0.905165
35.526703593638985,0.9320027
33.508432185237,0.89887595
33.411643722356864,0.878326
34.81892973377725,0.8905425
33.81826474009645,0.94565296
32.80633673841434,0.87338585
34.64709434358385,0.9145956
33.23835223319035,0.89104
33.358694742994096,0.8730969
36.61852421437046,0.8958883
33.51287263646443,0.86614853
32.470657804059975,0.86306953
33.192312043655846,0.8828859
33.137163188274585,0.86458176
32.243090350156464,0.87254804
33.835845232434195,0.8823753
31.62521133371708,0.8833373
32.176551044878686,0.90717477
32.64719662276805,0.9205081
32.74953952452573,0.880699
33.40578073778554,0.89868635
34.043006062027644,0.9041545
32.87917302449428,0.8944935
33.19998178746584,0.9001182
31.56541016118173,0.84467965
32.94296561468776,0.8699565
33.58751679254553,0.8918307
31.982496558420834,0.87768775
33.40978375424424,0.8608406
34.9747483777847,0.89670753
34.30401988888832,0.8741018
32.33676321929516,0.8349369
32.37829305052187,0.8670353
34.455339006129066,0.87833387
31.120230075528525,0.8157703
34.46900516555409,0.8417868
35.0581130596996,0.9068377
32.20672955713467,0.84496707
33.264182799121976,0.8649655
31.513532861478595,0.82639724
32.61714457043651,0.8847558
33.82743971188078,0.9052918
35.63563435358284,0.9437773
32.8844076188774,0.89955956
35.628795430172445,0.91730875
31.359256422289423,0.8865821
36.2232931066807,0.9063861
34.101866891242295,0.9178602
34.05443819434248,0.91161704
31.56148450588293,0.83638245
33.39541048038585,0.8924641
33.60508216056247,0.8844869
34.07011542911275,0.89287144
34.933927356926475,0.9586606
34.22324547567045,0.9008327
32.91122908609899,0.8227143
33.102692516492034,0.9117632
35.203857866597474,0.88467187
35.96634244657126,0.9183197
33.19353607631727,0.8587775
33.2334971042986,0.8912484
31.788169671980576,0.80111617
35.119018573534156,0.92045206
36.407754383714085,0.91931057
35.0088527872865,0.9237856
31.148234374600726,0.8644373
32.75753215913057,0.8924187
32.69849270185973,0.8476408
34.30782998217029,0.9854717
31.482743992181174,0.8386367
34.34497875123419,0.91661716
33.2995929452231,0.8792579
34.243587025537536,0.8970097
35.74769464618334,0.9564007
34.125130867318504,0.8897507
34.68855659657253,0.9081736
34.83842570474406,0.91989535
31.977318180783108,0.84157723
31.933355524085986,0.8520305
31.436163549657344,0.8130326
34.29308097926094,0.9374709
33.73773318792757,0.8689861
34.249251440400414,0.8829023
34.14134858703368,0.9017582
32.420944892441995,0.87056786
33.74823350867136,0.89432305
32.297177252769664,0.8423924
34.32386345733603,0.89669687
32.64355851526845,0.8560743
35.809216622963774,0.9075598
35.83255583311045,0.9037276
33.54998461582192,0.87622046
34.35397468877737,0.88937235
34.41585541719868,0.9345326
35.557236861307764,0.94209033
31.8600395425237,0.8477307
35.429309164530984,0.937596
32.129614281312094,0.8362712
33.2608656398464,0.8516094
34.35533816535674,0.9060845
37.17643044738881,0.958224
33.603637224833506,0.8891327
37.10618885183974,0.94246125
37.08847104456873,0.93643284
34.64247076367351,0.899801
31.705506511372196,0.83459336
32.41927407270022,0.87291116
34.26501137740108,0.894701
29.389058731313593,0.7962062
34.945250848203685,0.91686434
36.20910113898649,0.92042994
34.00238243167773,0.90822536
34.18398461585227,0.83813506
34.28321851648077,0.9199311
31.62565338514439,0.8396767
32.95866414060525,0.8289857
34.71461611972397,0.9403987
35.7258626626168,0.95401883
33.09856410351422,0.8596957
35.39137546304691,0.9361875
33.63470291444323,0.9388099
33.75473203662407,0.8720295
34.0686740287519,0.87606186
33.458586828432686,0.8486139
32.04454037093221,0.87406087
29.219310487668757,0.8743496
31.11654642731486,0.8507491
31.903193413319187,0.9100202
27.886836191705523,0.7419947
29.617383998120932,0.8279156
34.52626661564604,0.915667
31.953968738660127,0.8850154
29.915105052405906,0.8559496
30.755284401886662,0.89394706
32.092532739835356,0.8651748
29.16458333220764,0.85439247
30.20784380982529,0.8566375
31.342816643448565,0.8589787
31.79638151986017,0.85638666
30.15038763713923,0.83712023
29.69365948549693,0.8600223
28.995389396475538,0.8268432
33.15884236518896,0.9131155
31.800329149157363,0.87972933
29.437855907322096,0.8319095
31.024440577453646,0.8436022
26.050251001095553,0.7250169
31.521025096700086,0.91096157
28.811522589978935,0.85558456
29.506336905798356,0.8222495
30.371022389124413,0.85028213
29.909650519281264,0.86257297
32.25809380882865,0.8728745
29.402206061112782,0.8233219
30.36893895755138,0.83273554
34.831476502092215,0.9265244
31.635844879757226,0.87488294
33.488289255829756,0.90075225
28.418410295069588,0.845143
30.831229157209172,0.8479014
30.317481318208106,0.8410249
32.47949889295015,0.8708954
28.393257613290444,0.7271555
33.29727104163716,0.9028538
33.18257442062479,0.89889663
31.725387384248883,0.8837523
33.04405933977391,0.9020749
27.928210573551002,0.7871094
31.896291356316656,0.8676602
31.31323992638796,0.86634016
32.80471858910588,0.8838919
31.335182195929914,0.86774653
29.650677269253944,0.8319571
34.31569255513942,0.9287503
33.558214308268,0.88156295
30.887644816902814,0.7837209
26.948410382484465,0.71021813
30.68764436374224,0.8311684
30.33773700090371,0.85155195
32.39909433385251,0.8980393
31.883927414008145,0.8774746
33.67328243069673,0.8888739
31.909904808762853,0.8885043
31.956185111246228,0.86624867
31.681265739782106,0.88646483
27.039077507387397,0.82535744
29.05273041989013,0.8757903
33.396076602682314,0.8946846
32.83200967049065,0.9166317
30.49019061400866,0.8455828
30.375666114277863,0.86014223
28.196225374929064,0.8292666
30.98989707077129,0.86370105
33.43867400862238,0.8699973
31.333763004656696,0.8816862
32.30445194009023,0.8471685
32.02429193510623,0.88098603
31.968585295206854,0.9116673
29.08492624784789,0.79314965
31.396700013094545,0.8476255
28.14977418779985,0.81289953
29.123932422250775,0.8344411
29.419118985233332,0.8492462
30.54209841864334,0.86683804
29.5958768975162,0.7916894
31.078727135519983,0.84925896
30.13847532235518,0.83441
31.145573073552786,0.87672526
29.209421904816267,0.83041877
31.194987830789316,0.8850808
33.16951879480427,0.9086023
30.952674229788233,0.84077793
32.74270711100725,0.8662486
30.62895012857819,0.8166933
29.090565040584835,0.8289947
29.720587473178636,0.8226165
32.394941109707155,0.9184575
30.247917367255866,0.8325035
28.272978925994497,0.8031912
30.054603300798412,0.801161
33.18501783547856,0.88877577
31.295684047600805,0.83898735
28.37738335166768,0.79354507
33.423630233361315,0.8874173
31.772380395921385,0.9190886
29.5311880652014,0.8347985
30.430341868342193,0.85432035
29.301827643509508,0.78393245
29.045377380439326,0.8313145
30.765541041765818,0.8517015
31.93366147084648,0.84467477
31.069400581194756,0.8489647
28.104770435128582,0.79434204
31.59958952722419,0.8270233
31.462175748632436,0.88080424
28.233166152191874,0.78016394
32.64851662655042,0.86432415
30.107676624406423,0.8629448
33.17123388855759,0.87475175
31.865949904653338,0.8588918
29.03547616605275,0.7990232
30.62186885379377,0.7825813
31.330689657540276,0.8348618
32.56844531622042,0.83781075
29.86634303278123,0.8483804
31.787414653177038,0.883367
33.571256846843454,0.8540383
30.943154712556414,0.8406751
33.38681869358217,0.9033243
28.97025832047997,0.7688306
28.910909025488486,0.77646136
30.011118908520423,0.8365577
32.204308518388586,0.8639772
31.17399749736495,0.8109093
25.173450735395505,0.83912975
33.59571876943015,0.89779633
29.903989937420306,0.81147665
30.943019304537593,0.8044472
32.264241169711624,0.85869056
32.00248160429095,0.8688884
33.39792899113668,0.89021635
29.24346263676718,0.7396193
31.256831524152233,0.8359404
29.82440283368383,0.81371564
29.11480796554965,0.8296063
30.804614795262417,0.8545251
28.88409053024839,0.83258027
31.167193715933422,0.79885155
30.01360484153932,0.8655259
30.168204483453653,0.7912758
32.703512920965856,0.87530684
30.871193079688748,0.8151264
31.458280400453056,0.8490727
30.015523924803567,0.78810406
31.015641628113826,0.85934705
30.898245629644737,0.80080813
30.661791808552856,0.8368799
30.19652397613896,0.8834103
31.712597363075478,0.83807665
30.72915606367339,0.84818786
26.088667136317454,0.85696644
33.24403808017207,0.83954173
32.98504086949003,0.87928325
28.592322416348107,0.7853357
31.368333486509993,0.8220842
28.487104878281137,0.83838063
28.204643941982358,0.8402192
29.833537300168878,0.7962648
29.584343114768753,0.7754133
34.05980488467562,0.8992228
28.855749577512718,0.84203005
32.16286428426862,0.8615117
30.455693816003308,0.8290041
31.076415093762687,0.83879256
29.77443373832994,0.806408
30.60189509312132,0.8203446
29.45605956249487,0.8484538
30.81359886765101,0.80662155
28.368727695469737,0.78568286
30.278965273799784,0.8438321
31.44021968545622,0.8574109
30.62425255349944,0.86276007
30.44496154268095,0.8709135
31.804675008226376,0.8442049
28.827110973755747,0.8106664
28.176479429608715,0.7202745
28.17403728892305,0.7731643
33.32298813445541,0.86217386
26.584378647972784,0.79111975
27.207728014152586,0.8023804
29.83600625249837,0.8519983
30.495913927996657,0.8198922
28.88886877464058,0.810092
30.56100640874449,0.80850905
33.39707413870586,0.8805783
32.558950391449535,0.83496886
31.07702798949208,0.88577056
30.441037347565462,0.8391668
33.018848478440574,0.8780813
30.99599078710197,0.84198374
29.40681232602179,0.8238575
29.54357920808157,0.83036464
30.34159249428675,0.84414667
28.855382277461995,0.81689936
28.92928774735872,0.8621152
32.55942197602899,0.89265466
31.42902773793785,0.82899696
31.36190329893244,0.86845165
32.17142207797335,0.83396226
29.32599795601434,0.82062274
30.58434847970129,0.7753194
30.61710439361969,0.83511335
32.58820726666359,0.86817694
30.00652230512228,0.8521276
32.61194444831262,0.87795144
29.675321617631297,0.803857
28.76541754698328,0.78100777
32.6248573384806,0.89201826
32.17978240904626,0.8654354
29.17654563127904,0.789098
33.181578605803544,0.8858203
31.698333061928246,0.85182077
29.618916356681858,0.7697203
34.7764058910502,0.88367444
33.26455273580234,0.8742474
29.776891441563684,0.7929929
27.955063051356586,0.7835787
28.973020581709818,0.8040359
33.20239035029681,0.8900078
28.936923150380608,0.76859206
27.88087982770022,0.73982507
31.941643884802634,0.8698909
29.24258652461969,0.7581332
30.718856279130264,0.8035193
31.311151905908435,0.81500983
28.400186500385267,0.7880562
32.24983769925374,0.88854724
31.284886340813113,0.8381123
34.42777181292632,0.98220867
34.92472797777572,0.92205065
31.879635544485318,0.83825326
31.631822090355506,0.85721475
34.001289924294696,0.98316026
31.811499020308858,0.864672
33.3551168324349,0.97130966
31.18912294886155,0.8206363
31.053909873913803,0.82240325
30.187093515009792,0.80375785
32.07994923591101,0.8578239
32.619250306514715,0.8752597
31.943003742221276,0.877626
34.01189926169019,0.90627146
30.4071178970623,0.82185715
25.848658486364435,0.74571294
35.48553009432074,0.94361943
29.51220099709101,0.83605385
33.14352582593158,0.8963585
31.67253281307171,0.86849374
32.45731516028638,0.85472775
33.619017950027875,0.98791426
34.79440129349095,0.90592
30.721319708263263,0.87112635
30.530487018189913,0.8551933
31.874477086515714,0.8643305
30.173043265754757,0.8174202
33.22357578063953,0.86162
31.84701374526705,0.8660114
31.854671392341874,0.87200993
31.919230164241416,0.8636694
28.607899577200435,0.776855
33.89925107933069,0.89253587
27.088538098557805,0.7841277
33.03985482398172,0.8800073
33.556586651724885,0.91094255
33.60772712521677,0.9823632
30.55255447142674,0.835663
33.69150379986895,0.85956424
34.30472365599766,0.898719
32.35643121594984,0.86641437
31.976254970814495,0.82760566
30.45615283647915,0.8188379
33.15528843436616,0.87984705
31.333644052848584,0.827468
33.314258179591434,0.89476043
28.892607838387395,0.7503175
31.752936288056105,0.8465531
27.96983221793071,0.79380506
26.985815819264673,0.6598407
31.877826047923207,0.8441581
32.38039881810878,0.87636757
32.95823461790789,0.8435242
30.138070859847574,0.84775996
28.951739798542405,0.78879625
34.12389467863281,0.92894316
33.37654082632205,0.8387082
31.686808112020355,0.8434554
28.238930802251133,0.7866543
33.617165800167086,0.86884457
27.89809101785249,0.7716802
33.66003080570617,0.8928058
31.493279250432803,0.8317132
30.77915056458153,0.802696
28.367831896614405,0.81127405
30.693991013884258,0.849355
34.17971237724115,0.89897007
31.36520629883043,0.82476974
34.15847718768078,0.9368816
32.831342784595236,0.8765152
32.09781516373149,0.88930494
32.135653674943505,0.8655193
33.81339729793009,0.89913464
34.945794447969355,0.9317054
33.39721724752107,0.85906005
31.446767891543544,0.8203354
31.80655241005311,0.81900936
31.394151385947,0.88505155
31.720440471538303,0.8644473
32.63924508789327,0.85851645
34.97406484410974,0.9274309
32.90541046362978,0.8981163
34.95354148162877,0.9011964
31.68331566777384,0.8695701
29.540761829708877,0.8052289
32.754333168205044,0.8957388
33.66356619672938,0.90073174
31.247259489501936,0.9078557
32.959007130117975,0.85491943
31.288218272202318,0.8596681
34.22738601973831,0.95415497
30.600870504434624,0.8807297
31.95144665722517,0.853734
31.242944605802087,0.8406925
32.28545890925036,0.872727
31.783283023338917,0.848721
35.3191518752941,0.90055245
32.70177124934833,0.89199334
32.38212965526925,0.8992407
29.26630020628457,0.83295995
30.956357050841675,0.8012393
29.811643301982762,0.83207965
32.55663945326567,0.85160965
31.10127812486024,0.8751895
31.866984813241807,0.86465424
31.73568547003857,0.86748475
31.483691849377053,0.86889774
31.957857225348118,0.87706614
32.564205643835336,0.86329746
33.69705200284375,0.92348033
30.04554184533815,0.83285004
30.679907151581194,0.81604606
34.90847587374084,0.92104906
32.126597457473196,0.88014054
30.265677955854706,0.8361159
31.612460183091777,0.8351061
32.94360759455672,0.8773107
32.6808828845388,0.8659129
31.876385318171025,0.87523395
30.46277415497339,0.85196644
29.353112279790764,0.75277287
32.16672879456932,0.85089946
33.00223547026682,0.93186235
32.798088199317505,0.86763793
29.697854765564035,0.8192721
28.745631985237523,0.7985461
33.021767678758835,0.86030483
36.13213357362009,0.9583991
33.64530935340979,0.9047096
34.27972292261147,0.9144905
35.14140495419872,0.93116015
30.50276791277343,0.8032971
30.896481664069263,0.86839074
35.333901605002445,0.91658115
30.240811096451196,0.8454241
32.208717109712495,0.86602014
31.593841836414978,0.8230507
34.00691865747754,0.93531746
34.638483881701006,0.9820204
34.01946273819222,0.9442218
33.85767070970779,0.8931286
33.69980399994156,0.8931694
33.95472370938961,0.908133
31.886075263751042,0.89050096
32.10162370546201,0.86165285
33.51844102156092,0.8727281
32.23126313872485,0.93290514
31.487181375031497,0.84773344
32.918970198537465,0.88421583
31.5660964329211,0.87351924
31.9529116327486,0.8629691
35.27629803067349,0.8688776
32.33810464116423,0.84645444
30.966584922356347,0.8416216
31.778859354882595,0.8625965
31.957686283833656,0.8415904
30.923612254015694,0.8534259
32.62219187162365,0.86833674
30.417110702647093,0.86754316
30.551146882828743,0.8964388
31.209899156552332,0.9044392
31.54401378823218,0.8708523
32.15239457352654,0.8826237
32.42656740927262,0.87417036
31.3637772934131,0.8749253
31.443189732282573,0.88256997
30.563580260130536,0.8207999
31.872703207155514,0.8473452
32.29599666839758,0.873095
30.44183132487088,0.8428953
32.099472166267034,0.84292847
33.96874450610717,0.8827975
33.197211359707495,0.8517351
31.377161223022,0.81318265
31.159208150854724,0.85215455
33.35977895233285,0.8629343
29.937999074749484,0.79735875
33.51731538475149,0.8207068
33.58597683098313,0.8913553
30.835733319652206,0.8190281
31.99652099954595,0.8449483
30.443155843464762,0.8098223
31.066342242746753,0.86579734
32.41422997439564,0.8860925
34.05117590666813,0.9371311
31.601065751457313,0.87657857
34.65832884783259,0.9054586
30.017423072864425,0.870084
34.89080748405992,0.88747114
32.62346457150978,0.9036694
32.764799541378935,0.89555067
30.495816749095013,0.81572133
32.24403831232244,0.87821776
32.63282164938797,0.86859775
32.874998044424906,0.881772
33.33904505182785,0.94706506
32.90706557976328,0.87410396
31.81892960700938,0.77760965
31.72192735322943,0.88593787
33.946299839506835,0.8642373
34.88042622137589,0.90372115
31.958641796012994,0.8342127
32.21056132891856,0.88037825
30.784174562014073,0.7753745
33.89978433430883,0.90765375
35.21721005626561,0.90123415
32.975971340314146,0.91404057
29.786650121294205,0.8379967
31.245231950030657,0.87583035
31.55843344448786,0.7999776
32.55350771117697,0.9815728
30.40296564205252,0.82210547
32.639205075502716,0.90850717
32.21704001716431,0.8662548
32.95505543132633,0.8674255
34.10561395895375,0.9463691
32.91054863059309,0.8757045
33.43037911097489,0.89746094
33.28122691256506,0.90729994
30.618283272676933,0.82768136
30.503572240176446,0.8348443
30.299088851737153,0.78074455
32.769403739546476,0.92529655
32.51093523821288,0.8523286
33.082308293442026,0.860542
32.45337303341468,0.88478607
31.039523022062813,0.8477215
32.30219758214014,0.86438304
31.25770324096655,0.82951236
33.200209534976985,0.8833675
31.74230415774454,0.8439896
34.16119679917303,0.8791701
34.30671619015811,0.87617034
32.227303929816735,0.8466473
32.96941876482244,0.8576928
32.96631908989632,0.92742276
34.03567699860069,0.92223424
30.62852216952052,0.83007747
34.052779724090556,0.92852783
30.93039494107166,0.8145347
32.35190772037669,0.8334015
32.92834796995976,0.8971459
35.724400680658995,0.9471831
32.11189995201823,0.87631345
35.778675862051855,0.9317891
35.809133896518894,0.9287052
33.51174989983711,0.8704195
30.60406707905414,0.82025385
31.151435022596377,0.8466885
32.878160227737474,0.87261504
28.608972659593324,0.76905155
33.382742442859495,0.89630264
34.754195924436345,0.8980071
32.84199613440174,0.8898758
33.28206164431573,0.82285005
33.02944713833806,0.90663666
30.42139633817246,0.8154168
32.069398110637636,0.8076561
33.543391853093446,0.9210488
34.117493115317416,0.9482851
31.733416695051293,0.83190364
34.31375409638227,0.9288886
32.14394473485302,0.9262142
32.28740999139378,0.85848355
32.80969887564661,0.851208
32.09908456152983,0.823755
30.803699175388537,0.8593316
27.593930228370574,0.8342896
29.104412542138892,0.8186644
29.32644468341509,0.8711254
26.5180394589094,0.7008292
28.222136420493058,0.80499977
32.53288919964246,0.8881088
29.908096346714096,0.84285146
28.057168378678963,0.80524224
28.688612033545105,0.8484842
30.29306057465313,0.82792616
27.922129338467524,0.831161
28.4598747375737,0.8292982
29.06428289182417,0.8069339
29.547338973175528,0.8082164
28.245907887163263,0.7911201
28.162330804912564,0.8263178
27.15334181479582,0.78087336
31.543331811925228,0.88910204
29.449523445699988,0.83845234
28.127765032349995,0.79877824
28.97398152807609,0.7859345
24.897617312868626,0.65162134
30.147575019847224,0.87338036
27.08896096625693,0.8156607
27.245451339823568,0.7594394
28.715006771038425,0.8023568
28.34389033723436,0.8170805
29.4594363750099,0.80076665
27.545922812599134,0.7850097
28.527700227176823,0.75782937
31.86257540392049,0.87077165
29.80579736884508,0.8253357
31.05876174711564,0.83776087
26.69348086602804,0.78831726
28.68167346806707,0.78442925
28.659869540404415,0.7937076
30.176211862508936,0.81021357
26.870572036819638,0.65606517
31.11213417224544,0.87267905
30.798757654749664,0.8358433
30.657135468200728,0.85783273
30.433943825877435,0.85567117
26.382226602680895,0.7339302
29.6487516710698,0.8119774
29.706685917680872,0.8334057
30.916948116970694,0.85531956
29.925928388668737,0.8239127
28.04677033390364,0.78761464
31.50356321863415,0.88163704
31.228899751400057,0.84250194
29.14634444486,0.7478228
25.222388563383625,0.6398983
29.146326431746004,0.78220624
29.193990795155322,0.83076125
30.539758666329114,0.85016507
29.76367257196047,0.8260133
31.871800512505928,0.8662894
29.56711021526303,0.805693
30.265631514940022,0.8326695
29.55223884167914,0.85591626
25.236790942725932,0.7958029
27.494091560567394,0.79805136
31.343824215270995,0.8733363
30.446961255516207,0.8848574
28.791049295023086,0.7976541
28.58999668675173,0.8195274
26.45736043229944,0.7855045
28.96431071720737,0.81315964
31.375728972828185,0.81943965
29.422563403391276,0.8387318
30.33296968058957,0.81589884
30.411370668773984,0.84314775
29.541074433291634,0.8900402
27.207945329196896,0.7284425
29.450442847889796,0.79556113
26.243742422521624,0.7504607
27.091430655038195,0.7549946
27.27894750263177,0.80769247
28.815311051565843,0.80793047
28.078472787485627,0.75433797
29.95240456712549,0.829276
28.22310375041627,0.8043888
29.26022661642284,0.8335915
27.047110929674524,0.76939106
28.942748500260414,0.8534214
30.515185501408087,0.8501498
29.655253789145863,0.7909623
30.97343455842622,0.8526957
28.775507953896753,0.7625151
27.60723097722007,0.75925845
27.961829806523767,0.73607224
30.1433257985345,0.86795884
28.85240962521369,0.7967902
26.28002864599257,0.7513086
28.54965857499665,0.78007644
31.300549462211404,0.8700188
29.99964782280795,0.81648904
27.023175510180117,0.73770356
31.08159882953606,0.8509848
29.691997783068103,0.87640625
28.247780496448293,0.7889568
28.572511003503163,0.8180533
27.54913638934032,0.7329764
27.303031554544663,0.77989024
28.169598555938293,0.81291467
30.32867534909474,0.8313591
29.35015395477103,0.8064136
27.38341979633415,0.77306867
29.964765876823822,0.77175117
29.233938777598425,0.8255028
26.66876589796204,0.73342067
30.549863490477378,0.81514996
28.274410160093417,0.82439756
31.02493641703971,0.8408809
30.176710934140026,0.81280845
27.572507143856228,0.76769805
28.66339970207879,0.716772
29.437740898351347,0.7915171
30.82956987013819,0.8008544
27.942048904328793,0.7896176
29.513600150147944,0.86176664
31.44197702671952,0.80721456
28.697575339603063,0.7629309
31.112583181822593,0.88875383
27.495947451149306,0.7316472
27.45834334972244,0.73789424
28.315725535931673,0.7985713
30.199458853160795,0.8003561
29.303216336135826,0.749886
23.241447036560757,0.7702146
31.228034548795563,0.8547273
28.4675979821704,0.76210934
29.036138065069682,0.74803036
30.067722212115587,0.8104148
29.628845344544796,0.8093815
31.122875137021765,0.8523741
27.570965582670492,0.7005446
29.218238711340724,0.8017714
28.30082219168797,0.75579953
26.959180004688225,0.7827983
29.151508926476552,0.83166057
27.309040691296225,0.8072429
28.83899285106507,0.7589035
28.627081809733088,0.8423255
28.66619723760604,0.75980014
30.87196275288575,0.83949286
29.628746175020915,0.79359204
29.277753971421205,0.8077901
28.49704491299063,0.75393265
29.11668815548714,0.8241338
28.849689351804358,0.7718392
29.033196048174602,0.7933963
28.544617051429064,0.850035
29.990461740934524,0.8038566
28.737089523105944,0.79424
24.806839671469252,0.8164695
30.950345637114502,0.7912051
31.22178001968955,0.8578319
27.109651877201337,0.7272566
29.854699919293527,0.792516
27.086681307462403,0.79251814
26.176590826531402,0.76554507
28.3538652369819,0.7328751
28.138217274394542,0.74549055
31.333732739239778,0.8430906
27.136240546605244,0.8037445
30.56833565052868,0.82085496
28.97427389887575,0.8053377
29.039134301486445,0.7702187
27.94329413061331,0.7722781
28.89881193772418,0.7865446
28.126691463194113,0.7893729
28.75407675961679,0.7757227
27.371545436093232,0.76702195
28.4187878187046,0.80535907
28.97856715519232,0.7938509
28.74217990249114,0.8068509
28.694161152500193,0.8427637
29.609566847359172,0.7599349
27.27935454375869,0.7292544
27.0145401274954,0.6847318
26.86072600921246,0.7357299
31.099877178686178,0.83946544
25.166386855935915,0.74323136
25.94263540542726,0.7397699
28.148184191191707,0.8134183
29.057679882780306,0.80623055
27.517154787566916,0.7657778
28.159112788959057,0.69323254
30.961481749561965,0.8220956
30.970415378986683,0.80687666
29.04612782619232,0.8409071
28.10413775933123,0.78535193
30.710117201498765,0.83579856
29.043998562346637,0.8045661
28.484220874901386,0.8043978
28.038638001245605,0.7845529
28.388214567152037,0.8124211
27.191083484963087,0.7680257
27.152326041091438,0.81839705
30.760254681744243,0.8850712
29.2977387572981,0.796294
29.49306483653897,0.8269438
30.243637819918693,0.7924171
27.730597831636032,0.797122
28.819665430327106,0.7420164
28.646284616811503,0.7604762
30.53046301319184,0.8359223
27.972216890642514,0.8206218
30.5365835734245,0.84877187
28.060060586813663,0.7512724
27.250239176742106,0.74531335
30.56880673509958,0.8800323
29.222363254649082,0.828222
27.6844948489643,0.73425555
31.232998191907953,0.85201263
29.910842896503116,0.8165402
27.91157826015357,0.7173093
32.08806340276843,0.83689076
31.052164456114475,0.8470332
27.91049031265816,0.73745733
26.269056332415897,0.7062718
27.818560089881966,0.77546215
31.16261665761413,0.85561913
27.139344490269895,0.6835161
26.15381689229981,0.69989395
29.736476639673715,0.81011057
27.688081026265635,0.6993529
28.50126176775887,0.754821
29.91580906362173,0.78988385
26.979976938256236,0.7496138
29.851652673638984,0.8482205
29.186125171537046,0.7939093
32.08016024697379,0.97073585
32.497080660122364,0.89473826
29.356129995826535,0.80280256
29.85791804155128,0.8260458
31.608491482107873,0.97095156
29.633198860271367,0.808434
30.91402298445333,0.955337
29.644802957244856,0.7628712
28.84473822747893,0.7612941
28.78092258055695,0.77074003
29.918752416567138,0.8145375
30.637073334975796,0.82829
29.654911478549195,0.8259458
31.895550812747295,0.8720977
28.86228638287045,0.76336426
24.455952074783607,0.6733322
33.382695524890444,0.9282396
27.675026739848274,0.77339154
31.26907398643429,0.8682831
29.81818523098642,0.8162451
30.281377153632935,0.8172056
31.427094558834042,0.97931594
32.59717262836469,0.86838883
28.441522172932995,0.81327325
28.535311868798274,0.8222472
30.054448384152316,0.8372908
28.68350277307072,0.7749029
31.051361132750813,0.80988985
29.822190179781312,0.80058575
29.968196012760497,0.8440419
29.8305042977588,0.81681895
27.228201780805236,0.74146205
31.59462751763886,0.8585189
25.90694973679807,0.7265749
30.568063525581945,0.8178806
31.05429703229874,0.8647507
31.128737096262796,0.9704342
28.478994623097936,0.78666306
31.542803980659645,0.8119021
32.104975392781554,0.8763903
29.998342933712262,0.8178773
30.05810478628543,0.7789364
28.54839780916047,0.76200724
30.72065197832564,0.81249946
29.333432053162724,0.7813573
30.94645061212603,0.85847855
27.452087720950125,0.7230322
29.433693717371888,0.775404
26.673149588163003,0.7677655
25.73364624627728,0.5754269
30.222945666490325,0.81772804
30.20353572116869,0.846464
31.41069755542525,0.83013767
28.32955571577171,0.80722904
27.356958613363798,0.76518995
31.3059499975703,0.8937957
31.27977400675366,0.78116274
29.991198761323478,0.81382674
26.854789176579118,0.737178
31.297646087078334,0.8317692
26.28780848081981,0.7073834
31.236639199255617,0.849662
29.538298415369702,0.8013168
29.026205584366643,0.76023656
26.329216002227493,0.7134133
28.79498479105996,0.78076124
31.908824566766786,0.8598013
29.45569453294397,0.7770539
31.852205867790303,0.91048974
30.598275326507757,0.848682
30.151354945694713,0.8624454
30.23959284010456,0.8418371
31.549384229648506,0.87855005
32.38419919198606,0.90802795
31.636320377649852,0.8345013
29.940593293002046,0.79654336
30.032356945924686,0.78919363
28.876295536150728,0.8383828
29.526740103657456,0.8242149
30.607291830397948,0.83207035
32.512641002515096,0.90627736
30.313787363471988,0.85064965
32.14822106887018,0.84992933
29.760709357850633,0.81637007
27.710082987095777,0.764303
30.252892343392613,0.8426311
31.55703166569355,0.86815006
29.02255846764129,0.88301796
31.283248785749066,0.8104798
29.230276829201106,0.83231425
31.794112460631936,0.94813436
28.738828736311643,0.8512123
30.12259030325994,0.8168402
29.671832241022003,0.7997932
29.78658769361822,0.84217936
29.4657380831983,0.78598356
32.7346603567633,0.86609584
30.36794457637637,0.8716844
29.955438038968772,0.8730075
27.79525720505671,0.77634984
28.98362229497789,0.76192874
27.609274135564455,0.7687754
30.663032080437922,0.82685083
29.191878668237173,0.845359
29.994085282817654,0.8420587
29.497516451782296,0.818144
29.253062906983757,0.8144894
29.765320214605882,0.83963984
30.02585684709971,0.81486374
31.905215759524324,0.9016903
28.764550115061184,0.80215406
28.684144940304257,0.77965665
32.451041196334096,0.89211416
30.23103165641395,0.854667
28.463139249873898,0.78500766
29.882776272610432,0.7966757
30.6522309581389,0.829958
30.871245847514096,0.8363978
29.610838161055007,0.8232987
28.53489319959088,0.81669265
28.07724336315357,0.7068011
30.37751424334187,0.8163819
30.531690447543397,0.9191115
30.649124132823214,0.79548
27.781890507750585,0.79154795
27.229913501256213,0.73269254
30.938941870800317,0.8208409
34.07117003626185,0.9424549
30.664552211147857,0.85750103
31.848776550727894,0.8755192
32.811524546784206,0.90721685
28.78986468625058,0.7664361
29.17496283520595,0.82635283
33.48145031440049,0.89446115
28.411271605842114,0.81141186
30.126259061050497,0.84921217
29.606546550295455,0.77640957
32.08465439340079,0.91988975
31.85520510753435,0.9706976
32.121527149681974,0.9260368
31.60119208936768,0.8329373
31.540789248516564,0.84392166
31.403542275330633,0.8795878
29.961618190273562,0.86094904
30.083873149657364,0.8421907
30.92130064555375,0.8011021
30.182510677518795,0.91787726
29.464411374087142,0.83510786
30.79778965441619,0.871929
29.750166637318486,0.85299045
29.61889618024964,0.7980712
33.325277934407474,0.8334252
30.434448798225205,0.8046554
28.49796795827352,0.7875717
29.33085928698069,0.8326424
30.09639165738962,0.8017971
28.909944254209655,0.8015291
30.607991600493595,0.8296561
28.528242176661166,0.83519715
28.265695162325137,0.8602085
28.878377019968575,0.87423176
29.85865446552892,0.84959704
30.240121073935434,0.8468097
30.094525438170887,0.8390944
29.324769349712664,0.84091115
29.675744934487863,0.8483519
29.201075213437065,0.79207087
29.738973685441383,0.8086395
30.334213997364998,0.82891154
28.57769398404595,0.7943756
30.419791779407003,0.79082435
31.863377344780687,0.85663414
31.073712674173784,0.8171482
29.713661065067342,0.7751315
29.17872219125342,0.8179483
31.015586578322267,0.81032294
27.92775135689766,0.7529132
31.82935167355215,0.77349234
31.362319147038807,0.8558087
29.287965493951937,0.8088715
30.297481041011302,0.8216438
28.416115114665285,0.7446634
29.036555560447947,0.8264521
30.48644353535966,0.8655801
32.249290011481385,0.9224167
29.80939462133945,0.85218006
32.621436872306184,0.8816497
27.895679765368975,0.8151234
32.33672677324521,0.8391321
30.663513721954022,0.84806365
30.556902047898532,0.85310477
28.761377870861594,0.77173233
30.05880994493201,0.8114746
30.537764246191436,0.83880967
31.01500884546914,0.85319513
31.23178542861239,0.9383955
30.85647057696243,0.83293086
29.982658899607472,0.73270583
29.94898666253703,0.84235376
32.066700896726694,0.8110278
32.535265311081936,0.85774326
30.059625102288123,0.7846108
30.250565218400176,0.84029096
29.101264357006325,0.7174565
31.887316690490337,0.87473255
33.499955022027386,0.8773934
30.31656848482523,0.8775508
27.882067942013897,0.7878553
28.981042950993444,0.8425215
29.90152461914153,0.7613078
29.953028649216353,0.97029287
28.59666438553768,0.7850209
30.002583072029157,0.86628276
29.9330503951279,0.82817286
30.974849319445426,0.82255834
31.9662588167602,0.9313259
30.8450990261414,0.84152
30.863785657868,0.8595889
31.374803131280167,0.8929219
29.035964166875505,0.7748227
28.555670997555808,0.81958133
28.763045574136378,0.7432589
30.60671616233755,0.8982789
30.646676834343488,0.8102768
31.107108980523414,0.8266263
30.27778292752947,0.8563946
29.289792830173266,0.82492095
30.52862051847051,0.8356449
29.713783791212535,0.81513125
30.70029642862348,0.8557289
29.671348500135622,0.80167246
32.122236057934415,0.84505016
32.0755295686877,0.84105545
30.293571987854108,0.80262214
30.879623552698515,0.8240447
30.736517150276924,0.9060393
31.63039850443033,0.90219516
28.871162356520287,0.7720163
31.567593781123527,0.9032572
29.021326241382795,0.763694
30.381928629220006,0.80361056
30.627266106506248,0.8700207
33.38435430823558,0.9254367
29.98725172226412,0.8188283
33.25014524405017,0.89337707
34.096503429152555,0.9019046
31.27364824172738,0.81740266
28.90997775632374,0.7976647
29.0122417584859,0.8205522
30.778994124230866,0.8427709
27.540069623788682,0.7421287
30.989732476251067,0.8541069
32.44298187244662,0.86225444
30.808358450150806,0.8494902
31.066037465501687,0.7592921
31.083300015794677,0.87183183
28.49952176045008,0.74615574
30.073622982736726,0.7800477
31.47980774723054,0.8847039
31.81064171307188,0.92981654
30.235873088681195,0.7844798
31.894205333839025,0.8938009
30.14505597867379,0.9049535
29.66580947655968,0.81244355
30.913352071900498,0.80628055
30.59705263320457,0.79727954
29.015551567116376,0.8274037
